id,students
3130,36
3297,7
3547,49
1538,12
2941,47
2401,6
2070,35
2561,48
1625,10
1307,7
2342,16
2755,25
4150,47
3544,22
2096,31
1089,30
2948,31
4539,7
2811,20
4580,48
2895,21
2254,20
2389,29
1699,16
1567,32
3066,6
2426,43
2217,15
1968,4
3012,25
1824,24
3929,5
2682,7
3112,15
2303,8
3903,17
3095,3
2383,30
2146,8
3958,29
