id,name,first,last,middle,email,phone,fax,title,studies,students
3130,"Burks, Rosella ",Rosella,Burks,,BurksR@univ.edu,963.555.1253,963.777.4065,Professor,373,36
3297,"Avila, Damien ",Damien,Avila,,AvilaD@univ.edu,963.555.1352,963.777.7914,Professor,294,7
3547,"Olsen, Robin ",Robin,Olsen,,OlsenR@univ.edu,963.555.1378,963.777.9262,Assistant Professor,116,49
1538,"Moises, Edgar Estes",Edgar,Moises,Estes,MoisesE@univ.edu,963.555.2731x3565,963.777.8264,Professor,232,12
2941,"Brian, Heath Pruitt",Heath,Brian,Pruitt,BrianH@univ.edu,963.555.2800,963.777.7249,Associate Curator,206,47
2401,"Claude, Elvin Haney",Elvin,Claude,Haney,ClaudeE@univ.edu,963.555.2902,963.777.9730,Curator,182,6
2070,"Mosley, Edmund ",Edmund,Mosley,,MosleyE@univ.edu,963.555.2945,963.777.9285,Assistant Professor,152,35
2561,"Derek, Antoine Mccoy",Antoine,Derek,Mccoy,DerekA@univ.edu,963.555.2992,963.777.5454,Curator,498,48
1625,"Hawkins, Callie ",Callie,Hawkins,,HawkinsC@univ.edu,963.555.3350x6480,963.777.4949,Professor,152,10
1307,"Pate, Andrea ",Andrea,Pate,,PateA@univ.edu,963.555.3723,963.777.5049,Professor,107,7
2342,"Austin, Liz ",Liz,Austin,,AustinL@univ.edu,963.555.4305,963.777.6143,Assistant Professor,421,16
2755,"Kendrick, Reba Alford",Reba,Kendrick,Alford,KendrickR@univ.edu,963.555.4618x7744,963.777.4371,Associate Curator,217,25
4150,"Sims, Angelina ",Angelina,Sims,,SimsA@univ.edu,963.555.5278,963.777.4400,Professor,196,47
3544,"Mullins, Kimberly ",Kimberly,Mullins,,MullinsK@univ.edu,963.555.5471x1017,963.777.9783,Assistant Professor,417,22
2096,"Chuck, Lloyd Haney",Lloyd,Chuck,Haney,ChuckL@univ.edu,963.555.5568x2652,963.777.9290,Assistant Professor,483,31
1089,"Payne, Ladonna ",Ladonna,Payne,,PayneL@univ.edu,963.555.5639,963.777.6469,Professor,458,30
2948,"Baxter, Johnathan Browning",Johnathan,Baxter,Browning,BaxterJ@univ.edu,963.555.5902,963.777.8336,Research Professor,223,31
4539,"Weiss, Gilbert ",Gilbert,Weiss,,WeissG@univ.edu,963.555.5969,963.777.4975,Professor,321,7
2811,"Deirdre, Florence Barrera",Florence,Deirdre,Barrera,DeirdreF@univ.edu,963.555.6319,963.777.9654,Associate Curator,247,20
4580,"Fernando, Toby Calderon",Toby,Fernando,Calderon,FernandoT@univ.edu,963.555.6469,963.777.9864,Research Professor,194,48
2895,"Garrison, Patrica ",Patrica,Garrison,,GarrisonP@univ.edu,963.555.6760,963.777.4958,Associate Curator,460,21
2254,"Effie, Leila Vinson",Leila,Effie,Vinson,EffieL@univ.edu,963.555.6824,963.777.7299,Assistant Professor,405,20
2389,"Buckley, Rose ",Rose,Buckley,,BuckleyR@univ.edu,963.555.6855x5018,963.777.5233,Curator,124,29
1699,"Stanton, Kathie ",Kathie,Stanton,,StantonK@univ.edu,963.555.7095,963.777.1015,Professor,127,16
1567,"Banks, Shannon ",Shannon,Banks,,BanksS@univ.edu,963.555.7198,963.777.6979,Professor,302,32
3066,"Barnes, Cleo ",Cleo,Barnes,,BarnesC@univ.edu,963.555.7463x7335,963.777.1583,Research Professor,492,6
2426,"Brady, Nellie ",Nellie,Brady,,BradyN@univ.edu,963.555.7569,963.777.7218,Curator,454,43
2217,"Katheryn, Ruben Holt",Ruben,Katheryn,Holt,KatherynR@univ.edu,963.555.7578,963.777.3969,Assistant Professor,272,15
1968,"Michael, Dianne ",Dianne,Michael,,MichaelD@univ.edu,963.555.7592,963.777.9960,Assistant Professor,190,4
3012,"Grant, Adam ",Adam,Grant,,GrantA@univ.edu,963.555.7775,963.777.8115,Research Professor,199,25
1824,"Head, Kurtis ",Kurtis,Head,,HeadK@univ.edu,963.555.7882,963.777.6348,Professor,302,24
3929,"Berger, Jami ",Jami,Berger,,BergerJ@univ.edu,963.555.8158,963.777.5650,Research Professor,133,5
2682,"Earline, Jaime Fitzgerald",Jaime,Earline,Fitzgerald,EarlineJ@univ.edu,963.555.8357,963.777.4114,Associate Curator,261,7
3112,"Evelyn, Summer Frost",Summer,Evelyn,Frost,EvelynS@univ.edu,963.555.8895,963.777.5730,Professor,137,15
2303,"Quentin, Sam Hyde",Sam,Quentin,Hyde,QuentinS@univ.edu,963.555.8921,963.777.2712,Assistant Professor,393,8
3903,"Dunlap, Ann ",Ann,Dunlap,,DunlapA@univ.edu,963.555.9067,963.777.4290,Assistant Professor,120,17
3095,"Shields, Rich Pena",Rich,Shields,Pena,ShieldsR@univ.edu,963.555.9197,963.777.7215,Professor,300,3
2383,"Page, Winnie ",Winnie,Page,,PageW@univ.edu,963.555.9366,963.777.3202,Curator,210,30
2146,"Sparks, Ezra ",Ezra,Sparks,,SparksE@univ.edu,963.555.9390,963.777.9273,Assistant Professor,348,8
3958,"Kaufman, Elba ",Elba,Kaufman,,KaufmanE@univ.edu,963.555.9507,963.777.3298,Professor,454,29
